id;first_name;last_name;contact_designation;email;phone_number;remarks
1;Gail;Abshire;MANAGER;Juwan.Bode10@yahoo.com;68325;Tasty backing up Cambridgeshire
2;Jayda;Larkin;OWNER;Karina.Mann73@hotmail.com;87862;optical deposit
3;Rowan;Crona;DISPATCHER;Benjamin_Mosciski18@hotmail.com;15860;XSS RSS Outdoors
4;Rey;Abshire;MANAGER;Sylvan81@hotmail.com;55618;generate Adaptive black
5;Art;Morissette;OWNER;Devan.Hirthe@gmail.com;53998;back-end Gorgeous back up
6;Kane;Keeling;DISPATCHER;Pasquale68@gmail.com;77085;Paradigm
7;Cassie;Quigley;MANAGER;Saul_Zboncak96@hotmail.com;44595;deposit Auto Loan Account utilize
8;Anna;Bahringer;OWNER;Isabel46@gmail.com;99712;partnerships Terrace Hat
9;Percival;Shanahan;MANAGER;Brendan_Goldner96@yahoo.com;15105;mindshare
10;Tyra;Vandervort;DISPATCHER;Iliana40@gmail.com;32074;program override red
