id;address;street_address;city;state_province;country;postal_code
1;viral;Incredible Integration;Johathanburgh;morph Village Auto Loan Account;USA;online Wyoming Texas
2;tan Markets;Solomon Islands;Geofurt;Syrian Arab Republic transmitter Soft;USA;Incredible utilize Keyboard
3;Future-proofed Metrics North Carolina;generating Granite FTP;Moenport;Personal Loan Account;MEXICO;installation
4;revolutionize Metal leading-edge;Brooks;Brianneberg;Awesome parse Cotton;USA;Cambridgeshire solutions Refined
5;Electronics Kids;withdrawal Shirt;South Osborneville;green Cambridgeshire;USA;Guinea Franc Administrator
6;Keyboard;Soft;East Baron;Saudi Riyal;CANADA;invoice Sharable
7;Savings Account;Soap;Juliannehaven;panel optical;CANADA;pink back-end
8;Buckinghamshire Fish;parse Computers;North Jayden;Jewelery logistical;MEXICO;sky blue
9;pink Sports;Personal Loan Account;Lake Aniyashire;Berkshire;USA;withdrawal Cambridgeshire
10;Rustic;Wooden FTP;Lake Maciport;maximize exploit Key;MEXICO;Frozen Licensed withdrawal
