id;company;first_name;last_name;contact_designation;email;phone_number;address;street_address;city;state_province;country;postal_code;dot;mc;remarks
1;Refined;Gunnar;Kilback;OWNER;Cary.OHara@gmail.com;96941;Synchronised deposit;Rhode Island;Brendabury;Multi-channelled Enterprise-wide SDD;USA;Jordan;Uganda Shilling Cotton;44943;New Mexico
2;port Pants Shirt;Alfredo;Moen;OWNER;Isabella_McDermott55@hotmail.com;20584;Steel zero defect;Granite;Port Amelytown;Concrete Estate;USA;Sleek;Handcrafted Wooden Shirt Architect;96511;Books Paradigm invoice
3;Minnesota Open-architected Lebanon;Evelyn;Orn;ACCOUNTANT;Mckenzie73@gmail.com;67343;Officer;feed;South Darrinhaven;Ball Qatari Rial parsing;CANADA;Health Polarised transmitting;Rhode Island Music Data;68952;Nepalese Rupee lavender invoice
4;Guarani Colorado;Fausto;O'Kon;MANAGER;Wilber_Streich@gmail.com;87075;primary Iowa bandwidth;withdrawal copy Dynamic;Lake Stephany;SAS help-desk SAS;USA;Nigeria;firmware;63020;Investment Account Ohio
5;deliver Pine;David;Little;OWNER;Cathryn_Orn@yahoo.com;75934;Berkshire Switzerland;Suriname Unions Jewelery;North Genoveva;synthesize;USA;Place unleash;1080p monitor;95552;Sports violet
6;Dynamic;Antonette;Treutel;ACCOUNTANT;Barrett_Cummerata@gmail.com;25677;multi-tasking system engine;Maldives Kansas Generic;Michelebury;Administrator;USA;Computer Dong;haptic;18458;attitude-oriented multi-byte white
7;Group Avon neural;Kathleen;Hintz;MANAGER;Abdiel_Mills@hotmail.com;51517;Savings Account digital payment;action-items;Ullrichside;efficient Exclusive virtual;MEXICO;navigating New Leu primary;Savings Account Landing Delaware;16801;bus
8;Field Bermuda Chair;Elwyn;Nitzsche;OWNER;Darion_Gaylord@yahoo.com;59447;Avon;bi-directional Credit Card Account Kenyan Shilling;West Isabel;feed Industrial innovative;USA;array Virginia;bypass;26489;invoice
9;maroon framework;Daniella;Heaney;DISPATCHER;Marcellus23@gmail.com;64016;system-worthy Credit Card Account;Denmark hub collaboration;Americoshire;withdrawal Wyoming;CANADA;proactive New Hampshire;Usability;17530;El Salvador Colon US Dollar mint green
10;partnerships content;Reina;Roob;OWNER;Perry.Krajcik23@hotmail.com;11982;Liaison Industrial;Accounts Dominican Republic quantifying;Augustastad;Licensed;MEXICO;Auto Loan Account;back-end protocol;3616;contingency
